"ID";"article_title";"article_text";"article_img1";"article_img2"
"1";"The Constellation Aquila - Expedition";"Explore any distant horizons! The Constellation Aquila features a redesigned cockpit for maximum visibility, advanced sensors and an onboard Ursa rover for planetary exploration. Let’s see what’s out there!
DISCLAIMER: These are our current vehicle speci";"/asset/img/aquila1.jpg";"/asset/img/aquila2.jpg"
"2";"The Terrapin - Expedition";"Explore any distant horizons! The Constellation Aquila features a redesigned cockpit for maximum visibility, advanced sensors and an onboard Ursa rover for planetary exploration. Let’s see what’s out there!
DISCLAIMER: These are our current vehicle speci";"/asset/img/terrapin1.jpg";"/asset/img/terrapin2.jpg"
"3";"The Pledge X1 - Tourring";"Explore any distant horizons! The Constellation Aquila features a redesigned cockpit for maximum visibility, advanced sensors and an onboard Ursa rover for planetary exploration. Let’s see what’s out there!
DISCLAIMER: These are our current vehicle speci";"/asset/img/pledge1.jpg";"/asset/img/pledge2.jpg"
"4";"The 400i1 - Tourring";"Explore any distant horizons! The Constellation Aquila features a redesigned cockpit for maximum visibility, advanced sensors and an onboard Ursa rover for planetary exploration. Let’s see what’s out there!
DISCLAIMER: These are our current vehicle speci";"/asset/img/400i2.jpg";"/asset/img/400i1.jpg"
"5";"The 600i1 - Tourring";"Explore any distant horizons! The Constellation Aquila features a redesigned cockpit for maximum visibility, advanced sensors and an onboard Ursa rover for planetary exploration. Let’s see what’s out there!
DISCLAIMER: These are our current vehicle speci";"/asset/img/600i1.jpg";"/asset/img/600i1.jpg"
